{"cameraMode":{"drawMode":0,"name":"Shaded","section":"Shading Mode"},"sceneLighting":true,"audioPlay":false,"sceneViewState":{"showFog":true,"showMaterialUpdate":false,"showSkybox":true,"showFlares":true,"showImageEffects":true,"showParticleSystems":true},"in2DMode":false,"pivot":{"x":-0.023342903703451158,"y":-1.3098419904708863,"z":-1.269456386566162},"rotation":{"x":0.008832053281366825,"y":0.966248631477356,"z":-0.25529366731643679,"w":0.0333285927772522},"size":4.884305000305176,"orthographic":false}